Count,Timestamp,Label,Dashed
0,2022-09-17T23:00:00Z,201.64.138.10,true
0,2022-09-17T23:00:00Z,81.130.140.186,true
0,2022-09-17T23:00:00Z,176.74.71.194,true
0,2022-09-17T23:00:00Z,45.228.254.90,true
0,2022-09-17T23:00:00Z,197.248.80.2,true
0,2022-09-17T23:15:00Z,201.64.138.10,
0,2022-09-17T23:15:00Z,81.130.140.186,
0,2022-09-17T23:15:00Z,176.74.71.194,
0,2022-09-17T23:15:00Z,45.228.254.90,
0,2022-09-17T23:15:00Z,197.248.80.2,
0,2022-09-17T23:30:00Z,201.64.138.10,
0,2022-09-17T23:30:00Z,81.130.140.186,
0,2022-09-17T23:30:00Z,176.74.71.194,
0,2022-09-17T23:30:00Z,45.228.254.90,
0,2022-09-17T23:30:00Z,197.248.80.2,
0,2022-09-17T23:45:00Z,201.64.138.10,
0,2022-09-17T23:45:00Z,81.130.140.186,
0,2022-09-17T23:45:00Z,176.74.71.194,
0,2022-09-17T23:45:00Z,45.228.254.90,
0,2022-09-17T23:45:00Z,197.248.80.2,
0,2022-09-18T00:00:00Z,201.64.138.10,
0,2022-09-18T00:00:00Z,81.130.140.186,
0,2022-09-18T00:00:00Z,176.74.71.194,
0,2022-09-18T00:00:00Z,45.228.254.90,
0,2022-09-18T00:00:00Z,197.248.80.2,
0,2022-09-18T00:15:00Z,201.64.138.10,
0,2022-09-18T00:15:00Z,81.130.140.186,
0,2022-09-18T00:15:00Z,176.74.71.194,
0,2022-09-18T00:15:00Z,45.228.254.90,
0,2022-09-18T00:15:00Z,197.248.80.2,
0,2022-09-18T00:30:00Z,201.64.138.10,
0,2022-09-18T00:30:00Z,81.130.140.186,
0,2022-09-18T00:30:00Z,176.74.71.194,
0,2022-09-18T00:30:00Z,45.228.254.90,
0,2022-09-18T00:30:00Z,197.248.80.2,
0,2022-09-18T00:45:00Z,201.64.138.10,
0,2022-09-18T00:45:00Z,81.130.140.186,
0,2022-09-18T00:45:00Z,176.74.71.194,
0,2022-09-18T00:45:00Z,45.228.254.90,
0,2022-09-18T00:45:00Z,197.248.80.2,
0,2022-09-18T01:00:00Z,201.64.138.10,
0,2022-09-18T01:00:00Z,81.130.140.186,
0,2022-09-18T01:00:00Z,176.74.71.194,
0,2022-09-18T01:00:00Z,45.228.254.90,
0,2022-09-18T01:00:00Z,197.248.80.2,
0,2022-09-18T01:15:00Z,201.64.138.10,
0,2022-09-18T01:15:00Z,81.130.140.186,
0,2022-09-18T01:15:00Z,176.74.71.194,
0,2022-09-18T01:15:00Z,45.228.254.90,
0,2022-09-18T01:15:00Z,197.248.80.2,
0,2022-09-18T01:30:00Z,201.64.138.10,
0,2022-09-18T01:30:00Z,81.130.140.186,
0,2022-09-18T01:30:00Z,176.74.71.194,
0,2022-09-18T01:30:00Z,45.228.254.90,
0,2022-09-18T01:30:00Z,197.248.80.2,
0,2022-09-18T01:45:00Z,201.64.138.10,
0,2022-09-18T01:45:00Z,81.130.140.186,
0,2022-09-18T01:45:00Z,176.74.71.194,
0,2022-09-18T01:45:00Z,45.228.254.90,
0,2022-09-18T01:45:00Z,197.248.80.2,
0,2022-09-18T02:00:00Z,201.64.138.10,
0,2022-09-18T02:00:00Z,81.130.140.186,
0,2022-09-18T02:00:00Z,176.74.71.194,
0,2022-09-18T02:00:00Z,45.228.254.90,
0,2022-09-18T02:00:00Z,197.248.80.2,
0,2022-09-18T02:15:00Z,201.64.138.10,
0,2022-09-18T02:15:00Z,81.130.140.186,
0,2022-09-18T02:15:00Z,176.74.71.194,
0,2022-09-18T02:15:00Z,45.228.254.90,
0,2022-09-18T02:15:00Z,197.248.80.2,
0,2022-09-18T02:30:00Z,201.64.138.10,
0,2022-09-18T02:30:00Z,81.130.140.186,
0,2022-09-18T02:30:00Z,176.74.71.194,
0,2022-09-18T02:30:00Z,45.228.254.90,
0,2022-09-18T02:30:00Z,197.248.80.2,
0,2022-09-18T02:45:00Z,201.64.138.10,
0,2022-09-18T02:45:00Z,81.130.140.186,
0,2022-09-18T02:45:00Z,176.74.71.194,
0,2022-09-18T02:45:00Z,45.228.254.90,
0,2022-09-18T02:45:00Z,197.248.80.2,
0,2022-09-18T03:00:00Z,201.64.138.10,
0,2022-09-18T03:00:00Z,81.130.140.186,
0,2022-09-18T03:00:00Z,176.74.71.194,
0,2022-09-18T03:00:00Z,45.228.254.90,
0,2022-09-18T03:00:00Z,197.248.80.2,
0,2022-09-18T03:15:00Z,201.64.138.10,
0,2022-09-18T03:15:00Z,81.130.140.186,
0,2022-09-18T03:15:00Z,176.74.71.194,
0,2022-09-18T03:15:00Z,45.228.254.90,
0,2022-09-18T03:15:00Z,197.248.80.2,
0,2022-09-18T03:30:00Z,201.64.138.10,
0,2022-09-18T03:30:00Z,81.130.140.186,
0,2022-09-18T03:30:00Z,176.74.71.194,
0,2022-09-18T03:30:00Z,45.228.254.90,
0,2022-09-18T03:30:00Z,197.248.80.2,
0,2022-09-18T03:45:00Z,201.64.138.10,
0,2022-09-18T03:45:00Z,81.130.140.186,
0,2022-09-18T03:45:00Z,176.74.71.194,
0,2022-09-18T03:45:00Z,45.228.254.90,
0,2022-09-18T03:45:00Z,197.248.80.2,
0,2022-09-18T04:00:00Z,201.64.138.10,
0,2022-09-18T04:00:00Z,81.130.140.186,
0,2022-09-18T04:00:00Z,176.74.71.194,
0,2022-09-18T04:00:00Z,45.228.254.90,
0,2022-09-18T04:00:00Z,197.248.80.2,
0,2022-09-18T04:15:00Z,201.64.138.10,
0,2022-09-18T04:15:00Z,81.130.140.186,
0,2022-09-18T04:15:00Z,176.74.71.194,
0,2022-09-18T04:15:00Z,45.228.254.90,
0,2022-09-18T04:15:00Z,197.248.80.2,
0,2022-09-18T04:30:00Z,201.64.138.10,
0,2022-09-18T04:30:00Z,81.130.140.186,
0,2022-09-18T04:30:00Z,176.74.71.194,
0,2022-09-18T04:30:00Z,45.228.254.90,
0,2022-09-18T04:30:00Z,197.248.80.2,
0,2022-09-18T04:45:00Z,201.64.138.10,
0,2022-09-18T04:45:00Z,81.130.140.186,
0,2022-09-18T04:45:00Z,176.74.71.194,
0,2022-09-18T04:45:00Z,45.228.254.90,
0,2022-09-18T04:45:00Z,197.248.80.2,
0,2022-09-18T05:00:00Z,201.64.138.10,
0,2022-09-18T05:00:00Z,81.130.140.186,
0,2022-09-18T05:00:00Z,176.74.71.194,
0,2022-09-18T05:00:00Z,45.228.254.90,
0,2022-09-18T05:00:00Z,197.248.80.2,
0,2022-09-18T05:15:00Z,201.64.138.10,
0,2022-09-18T05:15:00Z,81.130.140.186,
0,2022-09-18T05:15:00Z,176.74.71.194,
0,2022-09-18T05:15:00Z,45.228.254.90,
0,2022-09-18T05:15:00Z,197.248.80.2,
0,2022-09-18T05:30:00Z,201.64.138.10,
0,2022-09-18T05:30:00Z,81.130.140.186,
0,2022-09-18T05:30:00Z,176.74.71.194,
0,2022-09-18T05:30:00Z,45.228.254.90,
0,2022-09-18T05:30:00Z,197.248.80.2,
0,2022-09-18T05:45:00Z,201.64.138.10,
0,2022-09-18T05:45:00Z,81.130.140.186,
0,2022-09-18T05:45:00Z,176.74.71.194,
0,2022-09-18T05:45:00Z,45.228.254.90,
0,2022-09-18T05:45:00Z,197.248.80.2,
0,2022-09-18T06:00:00Z,201.64.138.10,
0,2022-09-18T06:00:00Z,81.130.140.186,
0,2022-09-18T06:00:00Z,176.74.71.194,
0,2022-09-18T06:00:00Z,45.228.254.90,
0,2022-09-18T06:00:00Z,197.248.80.2,
0,2022-09-18T06:15:00Z,201.64.138.10,
0,2022-09-18T06:15:00Z,81.130.140.186,
0,2022-09-18T06:15:00Z,176.74.71.194,
0,2022-09-18T06:15:00Z,45.228.254.90,
0,2022-09-18T06:15:00Z,197.248.80.2,
0,2022-09-18T06:30:00Z,201.64.138.10,
0,2022-09-18T06:30:00Z,81.130.140.186,
0,2022-09-18T06:30:00Z,176.74.71.194,
0,2022-09-18T06:30:00Z,45.228.254.90,
0,2022-09-18T06:30:00Z,197.248.80.2,
0,2022-09-18T06:45:00Z,201.64.138.10,
0,2022-09-18T06:45:00Z,81.130.140.186,
0,2022-09-18T06:45:00Z,176.74.71.194,
0,2022-09-18T06:45:00Z,45.228.254.90,
0,2022-09-18T06:45:00Z,197.248.80.2,
0,2022-09-18T07:00:00Z,201.64.138.10,
0,2022-09-18T07:00:00Z,81.130.140.186,
0,2022-09-18T07:00:00Z,176.74.71.194,
0,2022-09-18T07:00:00Z,45.228.254.90,
0,2022-09-18T07:00:00Z,197.248.80.2,
0,2022-09-18T07:15:00Z,201.64.138.10,
0,2022-09-18T07:15:00Z,81.130.140.186,
0,2022-09-18T07:15:00Z,176.74.71.194,
0,2022-09-18T07:15:00Z,45.228.254.90,
0,2022-09-18T07:15:00Z,197.248.80.2,
0,2022-09-18T07:30:00Z,201.64.138.10,
0,2022-09-18T07:30:00Z,81.130.140.186,
0,2022-09-18T07:30:00Z,176.74.71.194,
0,2022-09-18T07:30:00Z,45.228.254.90,
0,2022-09-18T07:30:00Z,197.248.80.2,
0,2022-09-18T07:45:00Z,201.64.138.10,
0,2022-09-18T07:45:00Z,81.130.140.186,
0,2022-09-18T07:45:00Z,176.74.71.194,
0,2022-09-18T07:45:00Z,45.228.254.90,
0,2022-09-18T07:45:00Z,197.248.80.2,
0,2022-09-18T08:00:00Z,201.64.138.10,
0,2022-09-18T08:00:00Z,81.130.140.186,
0,2022-09-18T08:00:00Z,176.74.71.194,
0,2022-09-18T08:00:00Z,45.228.254.90,
0,2022-09-18T08:00:00Z,197.248.80.2,
0,2022-09-18T08:15:00Z,201.64.138.10,
0,2022-09-18T08:15:00Z,81.130.140.186,
0,2022-09-18T08:15:00Z,176.74.71.194,
0,2022-09-18T08:15:00Z,45.228.254.90,
0,2022-09-18T08:15:00Z,197.248.80.2,
0,2022-09-18T08:30:00Z,201.64.138.10,
0,2022-09-18T08:30:00Z,81.130.140.186,
0,2022-09-18T08:30:00Z,176.74.71.194,
0,2022-09-18T08:30:00Z,45.228.254.90,
0,2022-09-18T08:30:00Z,197.248.80.2,
0,2022-09-18T08:45:00Z,201.64.138.10,
0,2022-09-18T08:45:00Z,81.130.140.186,
0,2022-09-18T08:45:00Z,176.74.71.194,
0,2022-09-18T08:45:00Z,45.228.254.90,
0,2022-09-18T08:45:00Z,197.248.80.2,
0,2022-09-18T09:00:00Z,201.64.138.10,
0,2022-09-18T09:00:00Z,81.130.140.186,
0,2022-09-18T09:00:00Z,176.74.71.194,
0,2022-09-18T09:00:00Z,45.228.254.90,
0,2022-09-18T09:00:00Z,197.248.80.2,
0,2022-09-18T09:15:00Z,201.64.138.10,
0,2022-09-18T09:15:00Z,81.130.140.186,
0,2022-09-18T09:15:00Z,176.74.71.194,
0,2022-09-18T09:15:00Z,45.228.254.90,
0,2022-09-18T09:15:00Z,197.248.80.2,
0,2022-09-18T09:30:00Z,201.64.138.10,
0,2022-09-18T09:30:00Z,81.130.140.186,
0,2022-09-18T09:30:00Z,176.74.71.194,
0,2022-09-18T09:30:00Z,45.228.254.90,
0,2022-09-18T09:30:00Z,197.248.80.2,
0,2022-09-18T09:45:00Z,201.64.138.10,
0,2022-09-18T09:45:00Z,81.130.140.186,
0,2022-09-18T09:45:00Z,176.74.71.194,
0,2022-09-18T09:45:00Z,45.228.254.90,
0,2022-09-18T09:45:00Z,197.248.80.2,
0,2022-09-18T10:00:00Z,201.64.138.10,
0,2022-09-18T10:00:00Z,81.130.140.186,
0,2022-09-18T10:00:00Z,176.74.71.194,
0,2022-09-18T10:00:00Z,45.228.254.90,
0,2022-09-18T10:00:00Z,197.248.80.2,
0,2022-09-18T10:15:00Z,201.64.138.10,
0,2022-09-18T10:15:00Z,81.130.140.186,
0,2022-09-18T10:15:00Z,176.74.71.194,
0,2022-09-18T10:15:00Z,45.228.254.90,
0,2022-09-18T10:15:00Z,197.248.80.2,
219,2022-09-18T10:30:00Z,201.64.138.10,
253,2022-09-18T10:30:00Z,81.130.140.186,
377,2022-09-18T10:30:00Z,176.74.71.194,
227,2022-09-18T10:30:00Z,197.248.80.2,
0,2022-09-18T10:30:00Z,45.228.254.90,
195,2022-09-18T10:45:00Z,201.64.138.10,
193,2022-09-18T10:45:00Z,81.130.140.186,
78,2022-09-18T10:45:00Z,176.74.71.194,
6,2022-09-18T10:45:00Z,45.228.254.90,
13,2022-09-18T10:45:00Z,197.248.80.2,
7,2022-09-18T11:00:00Z,201.64.138.10,
24,2022-09-18T11:00:00Z,45.228.254.90,
21,2022-09-18T11:00:00Z,197.248.80.2,
0,2022-09-18T11:00:00Z,81.130.140.186,
0,2022-09-18T11:00:00Z,176.74.71.194,
9,2022-09-18T11:15:00Z,45.228.254.90,
1,2022-09-18T11:15:00Z,197.248.80.2,
0,2022-09-18T11:15:00Z,201.64.138.10,
0,2022-09-18T11:15:00Z,81.130.140.186,
0,2022-09-18T11:15:00Z,176.74.71.194,
2,2022-09-18T11:30:00Z,201.64.138.10,
1,2022-09-18T11:30:00Z,176.74.71.194,
6,2022-09-18T11:30:00Z,45.228.254.90,
3,2022-09-18T11:30:00Z,197.248.80.2,
0,2022-09-18T11:30:00Z,81.130.140.186,
0,2022-09-18T11:45:00Z,201.64.138.10,
0,2022-09-18T11:45:00Z,81.130.140.186,
0,2022-09-18T11:45:00Z,176.74.71.194,
0,2022-09-18T11:45:00Z,45.228.254.90,
0,2022-09-18T11:45:00Z,197.248.80.2,
0,2022-09-18T12:00:00Z,201.64.138.10,
0,2022-09-18T12:00:00Z,81.130.140.186,
0,2022-09-18T12:00:00Z,176.74.71.194,
0,2022-09-18T12:00:00Z,45.228.254.90,
0,2022-09-18T12:00:00Z,197.248.80.2,
5,2022-09-18T12:15:00Z,197.248.80.2,
0,2022-09-18T12:15:00Z,201.64.138.10,
0,2022-09-18T12:15:00Z,81.130.140.186,
0,2022-09-18T12:15:00Z,176.74.71.194,
0,2022-09-18T12:15:00Z,45.228.254.90,
16,2022-09-18T12:30:00Z,45.228.254.90,
0,2022-09-18T12:30:00Z,201.64.138.10,
0,2022-09-18T12:30:00Z,81.130.140.186,
0,2022-09-18T12:30:00Z,176.74.71.194,
0,2022-09-18T12:30:00Z,197.248.80.2,
1,2022-09-18T12:45:00Z,45.228.254.90,
0,2022-09-18T12:45:00Z,201.64.138.10,
0,2022-09-18T12:45:00Z,81.130.140.186,
0,2022-09-18T12:45:00Z,176.74.71.194,
0,2022-09-18T12:45:00Z,197.248.80.2,
1,2022-09-18T13:00:00Z,176.74.71.194,
6,2022-09-18T13:00:00Z,45.228.254.90,
0,2022-09-18T13:00:00Z,201.64.138.10,
0,2022-09-18T13:00:00Z,81.130.140.186,
0,2022-09-18T13:00:00Z,197.248.80.2,
1,2022-09-18T13:15:00Z,201.64.138.10,
6,2022-09-18T13:15:00Z,45.228.254.90,
1,2022-09-18T13:15:00Z,197.248.80.2,
0,2022-09-18T13:15:00Z,81.130.140.186,
0,2022-09-18T13:15:00Z,176.74.71.194,
7,2022-09-18T13:30:00Z,45.228.254.90,
3,2022-09-18T13:30:00Z,197.248.80.2,
0,2022-09-18T13:30:00Z,201.64.138.10,
0,2022-09-18T13:30:00Z,81.130.140.186,
0,2022-09-18T13:30:00Z,176.74.71.194,
3,2022-09-18T13:45:00Z,197.248.80.2,
0,2022-09-18T13:45:00Z,201.64.138.10,
0,2022-09-18T13:45:00Z,81.130.140.186,
0,2022-09-18T13:45:00Z,176.74.71.194,
0,2022-09-18T13:45:00Z,45.228.254.90,
7,2022-09-18T14:00:00Z,45.228.254.90,
4,2022-09-18T14:00:00Z,197.248.80.2,
0,2022-09-18T14:00:00Z,201.64.138.10,
0,2022-09-18T14:00:00Z,81.130.140.186,
0,2022-09-18T14:00:00Z,176.74.71.194,
0,2022-09-18T14:15:00Z,201.64.138.10,
0,2022-09-18T14:15:00Z,81.130.140.186,
0,2022-09-18T14:15:00Z,176.74.71.194,
0,2022-09-18T14:15:00Z,45.228.254.90,
0,2022-09-18T14:15:00Z,197.248.80.2,
2,2022-09-18T14:30:00Z,45.228.254.90,
0,2022-09-18T14:30:00Z,201.64.138.10,
0,2022-09-18T14:30:00Z,81.130.140.186,
0,2022-09-18T14:30:00Z,176.74.71.194,
0,2022-09-18T14:30:00Z,197.248.80.2,
8,2022-09-18T14:45:00Z,201.64.138.10,
3,2022-09-18T14:45:00Z,45.228.254.90,
1,2022-09-18T14:45:00Z,197.248.80.2,
0,2022-09-18T14:45:00Z,81.130.140.186,
0,2022-09-18T14:45:00Z,176.74.71.194,
2,2022-09-18T15:00:00Z,81.130.140.186,
7,2022-09-18T15:00:00Z,45.228.254.90,
9,2022-09-18T15:00:00Z,197.248.80.2,
0,2022-09-18T15:00:00Z,201.64.138.10,
0,2022-09-18T15:00:00Z,176.74.71.194,
18,2022-09-18T15:15:00Z,201.64.138.10,
14,2022-09-18T15:15:00Z,45.228.254.90,
7,2022-09-18T15:15:00Z,197.248.80.2,
0,2022-09-18T15:15:00Z,81.130.140.186,
0,2022-09-18T15:15:00Z,176.74.71.194,
12,2022-09-18T15:30:00Z,45.228.254.90,
4,2022-09-18T15:30:00Z,197.248.80.2,
0,2022-09-18T15:30:00Z,201.64.138.10,
0,2022-09-18T15:30:00Z,81.130.140.186,
0,2022-09-18T15:30:00Z,176.74.71.194,
4,2022-09-18T15:45:00Z,197.248.80.2,
0,2022-09-18T15:45:00Z,201.64.138.10,
0,2022-09-18T15:45:00Z,81.130.140.186,
0,2022-09-18T15:45:00Z,176.74.71.194,
0,2022-09-18T15:45:00Z,45.228.254.90,
6,2022-09-18T16:00:00Z,201.64.138.10,
13,2022-09-18T16:00:00Z,45.228.254.90,
0,2022-09-18T16:00:00Z,81.130.140.186,
0,2022-09-18T16:00:00Z,176.74.71.194,
0,2022-09-18T16:00:00Z,197.248.80.2,
3,2022-09-18T16:15:00Z,197.248.80.2,
0,2022-09-18T16:15:00Z,201.64.138.10,
0,2022-09-18T16:15:00Z,81.130.140.186,
0,2022-09-18T16:15:00Z,176.74.71.194,
0,2022-09-18T16:15:00Z,45.228.254.90,
0,2022-09-18T16:30:00Z,201.64.138.10,
0,2022-09-18T16:30:00Z,81.130.140.186,
0,2022-09-18T16:30:00Z,176.74.71.194,
0,2022-09-18T16:30:00Z,45.228.254.90,
0,2022-09-18T16:30:00Z,197.248.80.2,
5,2022-09-18T16:45:00Z,45.228.254.90,
0,2022-09-18T16:45:00Z,201.64.138.10,
0,2022-09-18T16:45:00Z,81.130.140.186,
0,2022-09-18T16:45:00Z,176.74.71.194,
0,2022-09-18T16:45:00Z,197.248.80.2,
6,2022-09-18T17:00:00Z,45.228.254.90,
0,2022-09-18T17:00:00Z,201.64.138.10,
0,2022-09-18T17:00:00Z,81.130.140.186,
0,2022-09-18T17:00:00Z,176.74.71.194,
0,2022-09-18T17:00:00Z,197.248.80.2,
1,2022-09-18T17:15:00Z,45.228.254.90,
0,2022-09-18T17:15:00Z,201.64.138.10,
0,2022-09-18T17:15:00Z,81.130.140.186,
0,2022-09-18T17:15:00Z,176.74.71.194,
0,2022-09-18T17:15:00Z,197.248.80.2,
1,2022-09-18T17:30:00Z,201.64.138.10,
13,2022-09-18T17:30:00Z,45.228.254.90,
0,2022-09-18T17:30:00Z,81.130.140.186,
0,2022-09-18T17:30:00Z,176.74.71.194,
0,2022-09-18T17:30:00Z,197.248.80.2,
4,2022-09-18T17:45:00Z,45.228.254.90,
0,2022-09-18T17:45:00Z,201.64.138.10,
0,2022-09-18T17:45:00Z,81.130.140.186,
0,2022-09-18T17:45:00Z,176.74.71.194,
0,2022-09-18T17:45:00Z,197.248.80.2,
3,2022-09-18T18:00:00Z,45.228.254.90,
1,2022-09-18T18:00:00Z,197.248.80.2,
0,2022-09-18T18:00:00Z,201.64.138.10,
0,2022-09-18T18:00:00Z,81.130.140.186,
0,2022-09-18T18:00:00Z,176.74.71.194,
2,2022-09-18T18:15:00Z,201.64.138.10,
1,2022-09-18T18:15:00Z,45.228.254.90,
1,2022-09-18T18:15:00Z,197.248.80.2,
0,2022-09-18T18:15:00Z,81.130.140.186,
0,2022-09-18T18:15:00Z,176.74.71.194,
0,2022-09-18T18:30:00Z,201.64.138.10,
0,2022-09-18T18:30:00Z,81.130.140.186,
0,2022-09-18T18:30:00Z,176.74.71.194,
0,2022-09-18T18:30:00Z,45.228.254.90,
0,2022-09-18T18:30:00Z,197.248.80.2,
1,2022-09-18T18:45:00Z,45.228.254.90,
1,2022-09-18T18:45:00Z,197.248.80.2,
0,2022-09-18T18:45:00Z,201.64.138.10,
0,2022-09-18T18:45:00Z,81.130.140.186,
0,2022-09-18T18:45:00Z,176.74.71.194,
15,2022-09-18T19:00:00Z,45.228.254.90,
5,2022-09-18T19:00:00Z,197.248.80.2,
0,2022-09-18T19:00:00Z,201.64.138.10,
0,2022-09-18T19:00:00Z,81.130.140.186,
0,2022-09-18T19:00:00Z,176.74.71.194,
14,2022-09-18T19:15:00Z,45.228.254.90,
36,2022-09-18T19:15:00Z,197.248.80.2,
0,2022-09-18T19:15:00Z,201.64.138.10,
0,2022-09-18T19:15:00Z,81.130.140.186,
0,2022-09-18T19:15:00Z,176.74.71.194,
3,2022-09-18T19:30:00Z,45.228.254.90,
1,2022-09-18T19:30:00Z,197.248.80.2,
0,2022-09-18T19:30:00Z,201.64.138.10,
0,2022-09-18T19:30:00Z,81.130.140.186,
0,2022-09-18T19:30:00Z,176.74.71.194,
9,2022-09-18T19:45:00Z,45.228.254.90,
4,2022-09-18T19:45:00Z,197.248.80.2,
0,2022-09-18T19:45:00Z,201.64.138.10,
0,2022-09-18T19:45:00Z,81.130.140.186,
0,2022-09-18T19:45:00Z,176.74.71.194,
4,2022-09-18T20:00:00Z,201.64.138.10,
1,2022-09-18T20:00:00Z,81.130.140.186,
17,2022-09-18T20:00:00Z,45.228.254.90,
1,2022-09-18T20:00:00Z,197.248.80.2,
0,2022-09-18T20:00:00Z,176.74.71.194,
22,2022-09-18T20:15:00Z,45.228.254.90,
1,2022-09-18T20:15:00Z,197.248.80.2,
0,2022-09-18T20:15:00Z,201.64.138.10,
0,2022-09-18T20:15:00Z,81.130.140.186,
0,2022-09-18T20:15:00Z,176.74.71.194,
6,2022-09-18T20:30:00Z,81.130.140.186,
9,2022-09-18T20:30:00Z,45.228.254.90,
3,2022-09-18T20:30:00Z,197.248.80.2,
0,2022-09-18T20:30:00Z,201.64.138.10,
0,2022-09-18T20:30:00Z,176.74.71.194,
4,2022-09-18T20:45:00Z,201.64.138.10,
11,2022-09-18T20:45:00Z,45.228.254.90,
0,2022-09-18T20:45:00Z,81.130.140.186,
0,2022-09-18T20:45:00Z,176.74.71.194,
0,2022-09-18T20:45:00Z,197.248.80.2,
6,2022-09-18T21:00:00Z,45.228.254.90,
1,2022-09-18T21:00:00Z,197.248.80.2,
0,2022-09-18T21:00:00Z,201.64.138.10,
0,2022-09-18T21:00:00Z,81.130.140.186,
0,2022-09-18T21:00:00Z,176.74.71.194,
6,2022-09-18T21:15:00Z,81.130.140.186,
15,2022-09-18T21:15:00Z,45.228.254.90,
1,2022-09-18T21:15:00Z,197.248.80.2,
0,2022-09-18T21:15:00Z,201.64.138.10,
0,2022-09-18T21:15:00Z,176.74.71.194,
3,2022-09-18T21:30:00Z,201.64.138.10,
21,2022-09-18T21:30:00Z,45.228.254.90,
4,2022-09-18T21:30:00Z,197.248.80.2,
0,2022-09-18T21:30:00Z,81.130.140.186,
0,2022-09-18T21:30:00Z,176.74.71.194,
24,2022-09-18T21:45:00Z,45.228.254.90,
3,2022-09-18T21:45:00Z,197.248.80.2,
0,2022-09-18T21:45:00Z,201.64.138.10,
0,2022-09-18T21:45:00Z,81.130.140.186,
0,2022-09-18T21:45:00Z,176.74.71.194,
3,2022-09-18T22:00:00Z,201.64.138.10,
1,2022-09-18T22:00:00Z,81.130.140.186,
8,2022-09-18T22:00:00Z,45.228.254.90,
3,2022-09-18T22:00:00Z,197.248.80.2,
0,2022-09-18T22:00:00Z,176.74.71.194,
1,2022-09-18T22:15:00Z,201.64.138.10,
4,2022-09-18T22:15:00Z,81.130.140.186,
5,2022-09-18T22:15:00Z,45.228.254.90,
1,2022-09-18T22:15:00Z,197.248.80.2,
0,2022-09-18T22:15:00Z,176.74.71.194,
1,2022-09-18T22:30:00Z,201.64.138.10,
29,2022-09-18T22:30:00Z,45.228.254.90,
1,2022-09-18T22:30:00Z,197.248.80.2,
0,2022-09-18T22:30:00Z,81.130.140.186,
0,2022-09-18T22:30:00Z,176.74.71.194,
6,2022-09-18T22:45:00Z,45.228.254.90,true
1,2022-09-18T22:45:00Z,197.248.80.2,true
0,2022-09-18T22:45:00Z,201.64.138.10,true
0,2022-09-18T22:45:00Z,81.130.140.186,true
0,2022-09-18T22:45:00Z,176.74.71.194,true